H,split,model,percentile,threshold,tail_MAE,tail_RMSE,n_tail,tau,alpha,eps,huber_alpha,val_objective,max_depth,eta,subsample,colsample_bytree,lambda,num_boost_round,w_mid,w_danger,w_tail
1,test,Huber,90,37.66999816894531,15.529100568253899,44.145631914117004,2301,,,,,,,,,,,,,,
1,test,Huber,95,44.984493255615234,21.730428878849484,60.507116157000645,1150,,,,,,,,,,,,,,
1,test,Huber,99,61.66539001464844,50.391717890029426,130.6248317674172,230,,,,,,,,,,,,,,
1,test,Huber Graph,90,37.66999816894531,15.707528773715095,43.86739777320304,2301,6.0,,,,,,,,,,,,,
1,test,Huber Graph,95,44.984493255615234,21.888952770028858,60.6777213878562,1150,6.0,,,,,,,,,,,,,
1,test,Huber Graph,99,61.66539001464844,49.92705519495542,130.76836928628043,230,6.0,,,,,,,,,,,,,
1,test,Hybrid (Graph + XGB residual),90,37.66999816894531,15.117894776672033,43.847769990007805,2301,6.0,,,,,,,,,,,,,
1,test,Hybrid (Graph + XGB residual),95,44.984493255615234,20.708422575781032,60.221677131085094,1150,6.0,,,,,,,,,,,,,
1,test,Hybrid (Graph + XGB residual),99,61.66539001464844,47.290175153065405,130.07205679605113,230,6.0,,,,,,,,,,,,,
1,test,RF,90,37.66999816894531,15.2983987307547,43.86043688505069,2301,,,,,,,,,,,,,,
1,test,RF,95,44.984493255615234,21.50918477816868,60.47784723406338,1150,,,,,,,,,,,,,,
1,test,RF,99,61.66539001464844,50.28367572112592,130.5004537988919,230,,,,,,,,,,,,,,
1,test,Ridge,90,37.66999816894531,16.8395938873291,45.190016300530225,2301,,,,,,,,,,,,,,
1,test,Ridge,95,44.984493255615234,23.567602157592773,60.96914442786306,1150,,,,,,,,,,,,,,
1,test,Ridge,99,61.66539001464844,54.133636474609375,131.16162203079833,230,,,,,,,,,,,,,,
1,test,Static-Graph Huber,90,37.66999816894531,15.740250764305816,43.880669362686945,2301,6.0,,,,,,,,,,,,,
1,test,Static-Graph Huber,95,44.984493255615234,21.9291130104394,60.69041075221169,1150,6.0,,,,,,,,,,,,,
1,test,Static-Graph Huber,99,61.66539001464844,49.95906713362277,130.7705798427973,230,6.0,,,,,,,,,,,,,
1,test,Static-Graph Ridge,90,37.66999816894531,18.180644989013672,44.39065937388673,2301,6.0,,,,,,,,,,,,,
1,test,Static-Graph Ridge,95,44.984493255615234,25.82954978942871,61.52141316114049,1150,6.0,,,,,,,,,,,,,
1,test,Static-Graph Ridge,99,61.66539001464844,56.411319732666016,131.64204097903146,230,6.0,,,,,,,,,,,,,
1,test,Tuned Huber Graph,90,37.66999816894531,15.707633686261595,43.86745036816892,2301,6.0,3.842951781528555,0.047399932900472924,1.6633619682580091e-06,13.328726903448317,,,,,,,,,
1,test,Tuned Huber Graph,95,44.984493255615234,21.889212455323246,60.677773200894535,1150,6.0,3.842951781528555,0.047399932900472924,1.6633619682580091e-06,13.328726903448317,,,,,,,,,
1,test,Tuned Huber Graph,99,61.66539001464844,49.927474607689454,130.76845356917158,230,6.0,3.842951781528555,0.047399932900472924,1.6633619682580091e-06,13.328726903448317,,,,,,,,,
1,test,Tuned Hybrid (Graph + XGB residual),90,37.66999816894531,14.974466478115625,44.12106985724436,2301,6.0,3.842951781528555,0.047399932900472924,1.6633619682580091e-06,13.328726903448317,5.0,0.05623276571392487,0.6,0.8473844151325475,4.762314859371926,378.0,3.1274990443054302,4.509392805081966,17.005172695715945
1,test,Tuned Hybrid (Graph + XGB residual),95,44.984493255615234,20.178394182003668,60.076435915953454,1150,6.0,3.842951781528555,0.047399932900472924,1.6633619682580091e-06,13.328726903448317,5.0,0.05623276571392487,0.6,0.8473844151325475,4.762314859371926,378.0,3.1274990443054302,4.509392805081966,17.005172695715945
1,test,Tuned Hybrid (Graph + XGB residual),99,61.66539001464844,46.458233583600666,129.91611720785204,230,6.0,3.842951781528555,0.047399932900472924,1.6633619682580091e-06,13.328726903448317,5.0,0.05623276571392487,0.6,0.8473844151325475,4.762314859371926,378.0,3.1274990443054302,4.509392805081966,17.005172695715945
1,test,XGB,90,37.66999816894531,15.16280460357666,43.60105365564934,2301,,,,,,,,,,,,,,
1,test,XGB,95,44.984493255615234,21.54835319519043,60.463406175372924,1150,,,,,,,,,,,,,,
1,test,XGB,99,61.66539001464844,50.44557571411133,130.59186930328013,230,,,,,,,,,,,,,,
3,test,Huber,90,37.66999816894531,19.694511097708983,48.542273036985904,2301,,,,,,,,,,,,,,
3,test,Huber,95,44.984493255615234,26.89038328863474,62.21754567419714,1150,,,,,,,,,,,,,,
3,test,Huber,99,61.66539001464844,59.020807835080774,132.27679853339987,230,,,,,,,,,,,,,,
3,test,Huber Graph,90,37.66999816894531,21.400994876615155,47.84355360211423,2301,3.0,,,,,,,,,,,,,
3,test,Huber Graph,95,44.984493255615234,29.229018778289042,63.20358094717163,1150,3.0,,,,,,,,,,,,,
3,test,Huber Graph,99,61.66539001464844,61.869509946436445,133.22805724714334,230,3.0,,,,,,,,,,,,,
3,test,Hybrid (Graph + XGB residual),90,37.66999816894531,18.625830173732556,45.95402150029837,2301,3.0,,,,,,,,,,,,,
3,test,Hybrid (Graph + XGB residual),95,44.984493255615234,25.07978856797267,61.716233018463456,1150,3.0,,,,,,,,,,,,,
3,test,Hybrid (Graph + XGB residual),99,61.66539001464844,55.289616105830774,131.60362401562284,230,3.0,,,,,,,,,,,,,
3,test,RF,90,37.66999816894531,18.598116678245265,45.36099378678199,2301,,,,,,,,,,,,,,
3,test,RF,95,44.984493255615234,25.898534357575606,61.94787436611152,1150,,,,,,,,,,,,,,
3,test,RF,99,61.66539001464844,57.50546738248789,132.12918172384266,230,,,,,,,,,,,,,,
3,test,Ridge,90,37.66999816894531,20.132747650146484,48.571596135723965,2301,,,,,,,,,,,,,,
3,test,Ridge,95,44.984493255615234,27.60318374633789,62.429016331175085,1150,,,,,,,,,,,,,,
3,test,Ridge,99,61.66539001464844,60.70121383666992,132.63347492950263,230,,,,,,,,,,,,,,
3,test,Static-Graph Huber,90,37.66999816894531,21.33103205279255,47.782955090843586,2301,4.0,,,,,,,,,,,,,
3,test,Static-Graph Huber,95,44.984493255615234,29.162090260490015,63.15852681255724,1150,4.0,,,,,,,,,,,,,
3,test,Static-Graph Huber,99,61.66539001464844,61.82013388806688,133.1649803383195,230,4.0,,,,,,,,,,,,,
3,test,Static-Graph Ridge,90,37.66999816894531,22.771474838256836,46.990617830184995,2301,4.0,,,,,,,,,,,,,
3,test,Static-Graph Ridge,95,44.984493255615234,31.449735641479492,63.69393214575074,1150,4.0,,,,,,,,,,,,,
3,test,Static-Graph Ridge,99,61.66539001464844,65.21351623535156,133.774187357371,230,4.0,,,,,,,,,,,,,
3,test,Tuned Huber Graph,90,37.66999816894531,21.420995296432917,47.854324899640254,2301,3.0,4.206616505098464,0.145979499580405,2.2417850927115665e-06,16.341358737814097,,,,,,,,,
3,test,Tuned Huber Graph,95,44.984493255615234,29.24913887260998,63.21747744047474,1150,3.0,4.206616505098464,0.145979499580405,2.2417850927115665e-06,16.341358737814097,,,,,,,,,
3,test,Tuned Huber Graph,99,61.66539001464844,61.89001469574184,133.24181924440853,230,3.0,4.206616505098464,0.145979499580405,2.2417850927115665e-06,16.341358737814097,,,,,,,,,
3,test,Tuned Hybrid (Graph + XGB residual),90,37.66999816894531,18.298326177923045,45.850108704763414,2301,3.0,4.206616505098464,0.145979499580405,2.2417850927115665e-06,16.341358737814097,3.0,0.058611769260479125,0.9990024495491234,0.6490574829405633,6.762792635635671,437.0,2.773236786422067,6.3633856978706484,19.565691584052754
3,test,Tuned Hybrid (Graph + XGB residual),95,44.984493255615234,24.39019477799989,61.331342524867416,1150,3.0,4.206616505098464,0.145979499580405,2.2417850927115665e-06,16.341358737814097,3.0,0.058611769260479125,0.9990024495491234,0.6490574829405633,6.762792635635671,437.0,2.773236786422067,6.3633856978706484,19.565691584052754
3,test,Tuned Hybrid (Graph + XGB residual),99,61.66539001464844,53.642119197620815,130.88320909152867,230,3.0,4.206616505098464,0.145979499580405,2.2417850927115665e-06,16.341358737814097,3.0,0.058611769260479125,0.9990024495491234,0.6490574829405633,6.762792635635671,437.0,2.773236786422067,6.3633856978706484,19.565691584052754
3,test,XGB,90,37.66999816894531,18.238075256347656,44.78630766754709,2301,,,,,,,,,,,,,,
3,test,XGB,95,44.984493255615234,25.539676666259766,61.819709750789634,1150,,,,,,,,,,,,,,
3,test,XGB,99,61.66539001464844,56.894004821777344,131.89609576528412,230,,,,,,,,,,,,,,
6,test,Huber,90,37.66999816894531,20.85630317486747,45.99001150155568,2301,,,,,,,,,,,,,,
6,test,Huber,95,44.984493255615234,28.851872699410887,63.03963525923289,1150,,,,,,,,,,,,,,
6,test,Huber,99,61.66539001464844,61.44792735900995,133.14753973908591,230,,,,,,,,,,,,,,
6,test,Huber Graph,90,37.66999816894531,25.060789286988925,47.91969038105539,2301,2.0,,,,,,,,,,,,,
6,test,Huber Graph,95,44.984493255615234,34.149640288578155,65.40195542364349,1150,2.0,,,,,,,,,,,,,
6,test,Huber Graph,99,61.66539001464844,69.19124159644016,135.6072566416049,230,2.0,,,,,,,,,,,,,
6,test,Hybrid (Graph + XGB residual),90,37.66999816894531,19.753460721243165,45.37072080292495,2301,2.0,,,,,,,,,,,,,
6,test,Hybrid (Graph + XGB residual),95,44.984493255615234,26.721750714025198,62.40067717811411,1150,2.0,,,,,,,,,,,,,
6,test,Hybrid (Graph + XGB residual),99,61.66539001464844,57.09194470878122,132.19619926174485,230,2.0,,,,,,,,,,,,,
6,test,RF,90,37.66999816894531,19.905979149725628,45.370152724964605,2301,,,,,,,,,,,,,,
6,test,RF,95,44.984493255615234,27.855933575978057,62.64690718979438,1150,,,,,,,,,,,,,,
6,test,RF,99,61.66539001464844,59.76299923168273,132.62435187028527,230,,,,,,,,,,,,,,
6,test,Ridge,90,37.66999816894531,20.99827003479004,45.89734373696778,2301,,,,,,,,,,,,,,
6,test,Ridge,95,44.984493255615234,29.329816818237305,63.076874832793315,1150,,,,,,,,,,,,,,
6,test,Ridge,99,61.66539001464844,62.820552825927734,133.20339534430045,230,,,,,,,,,,,,,,
6,test,Static-Graph Huber,90,37.66999816894531,25.409322656712146,48.10696334317248,2301,1.0,,,,,,,,,,,,,
6,test,Static-Graph Huber,95,44.984493255615234,34.559596548518975,65.59254444799264,1150,1.0,,,,,,,,,,,,,
6,test,Static-Graph Huber,99,61.66539001464844,69.39548293545218,135.68525719738395,230,1.0,,,,,,,,,,,,,
6,test,Static-Graph Ridge,90,37.66999816894531,25.429431915283203,47.674092459079645,2301,1.0,,,,,,,,,,,,,
6,test,Static-Graph Ridge,95,44.984493255615234,34.871131896972656,65.21537709893465,1150,1.0,,,,,,,,,,,,,
6,test,Static-Graph Ridge,99,61.66539001464844,69.80633544921875,135.1984074425435,230,1.0,,,,,,,,,,,,,
6,test,Tuned Huber Graph,90,37.66999816894531,25.07901063894976,47.93035567848878,2301,2.0,4.747895592870515,0.15,1.2270387839522326e-06,17.379756308856894,,,,,,,,,
6,test,Tuned Huber Graph,95,44.984493255615234,34.17241742243378,65.4145332066261,1150,2.0,4.747895592870515,0.15,1.2270387839522326e-06,17.379756308856894,,,,,,,,,
6,test,Tuned Huber Graph,99,61.66539001464844,69.21889071025367,135.61827598555757,230,2.0,4.747895592870515,0.15,1.2270387839522326e-06,17.379756308856894,,,,,,,,,
6,test,Tuned Hybrid (Graph + XGB residual),90,37.66999816894531,19.229125188865613,45.15878851090529,2301,2.0,4.747895592870515,0.15,1.2270387839522326e-06,17.379756308856894,6.0,0.03436043800866858,1.0,0.6518866898974885,5.652714542258326,344.0,2.7042619623242383,5.784242572472718,23.72995065755793
6,test,Tuned Hybrid (Graph + XGB residual),95,44.984493255615234,25.83268092444685,62.074297053338036,1150,2.0,4.747895592870515,0.15,1.2270387839522326e-06,17.379756308856894,6.0,0.03436043800866858,1.0,0.6518866898974885,5.652714542258326,344.0,2.7042619623242383,5.784242572472718,23.72995065755793
6,test,Tuned Hybrid (Graph + XGB residual),99,61.66539001464844,55.40615582084198,131.7303143092401,230,2.0,4.747895592870515,0.15,1.2270387839522326e-06,17.379756308856894,6.0,0.03436043800866858,1.0,0.6518866898974885,5.652714542258326,344.0,2.7042619623242383,5.784242572472718,23.72995065755793
6,test,XGB,90,37.66999816894531,19.261259078979492,44.91322742853017,2301,,,,,,,,,,,,,,
6,test,XGB,95,44.984493255615234,26.976848602294922,62.07211146307474,1150,,,,,,,,,,,,,,
6,test,XGB,99,61.66539001464844,58.66031265258789,131.74524866906967,230,,,,,,,,,,,,,,
12,test,Huber,90,37.66999816894531,21.048271899796067,46.148386761031915,2301,,,,,,,,,,,,,,
12,test,Huber,95,44.984493255615234,28.976803434223726,63.148765571804645,1150,,,,,,,,,,,,,,
12,test,Huber,99,61.66539001464844,61.42101386511745,133.33054118403024,230,,,,,,,,,,,,,,
12,test,Huber Graph,90,37.66999816894531,26.654593945079686,48.55761962347921,2301,6.0,,,,,,,,,,,,,
12,test,Huber Graph,95,44.984493255615234,36.32830191417441,66.15826011721055,1150,6.0,,,,,,,,,,,,,
12,test,Huber Graph,99,61.66539001464844,71.16071420551908,136.0725971330745,230,6.0,,,,,,,,,,,,,
12,test,Hybrid (Graph + XGB residual),90,37.66999816894531,20.103585927436534,45.61385983309029,2301,6.0,,,,,,,,,,,,,
12,test,Hybrid (Graph + XGB residual),95,44.984493255615234,27.444741078329614,62.712187397456454,1150,6.0,,,,,,,,,,,,,
12,test,Hybrid (Graph + XGB residual),99,61.66539001464844,58.58659966742168,132.61288960367867,230,6.0,,,,,,,,,,,,,
12,test,RF,90,37.66999816894531,19.85337882812557,45.12602254810695,2301,,,,,,,,,,,,,,
12,test,RF,95,44.984493255615234,27.500115878549693,62.23310327826174,1150,,,,,,,,,,,,,,
12,test,RF,99,61.66539001464844,59.538423888189975,131.80492220221694,230,,,,,,,,,,,,,,
12,test,Ridge,90,37.66999816894531,21.31930923461914,45.9706274047285,2301,,,,,,,,,,,,,,
12,test,Ridge,95,44.984493255615234,29.67942237854004,63.12073005360442,1150,,,,,,,,,,,,,,
12,test,Ridge,99,61.66539001464844,63.160499572753906,133.26385803876084,230,,,,,,,,,,,,,,
12,test,Static-Graph Huber,90,37.66999816894531,26.54457065752978,48.489091727203295,2301,6.0,,,,,,,,,,,,,
12,test,Static-Graph Huber,95,44.984493255615234,36.21961052884074,66.09629534466693,1150,6.0,,,,,,,,,,,,,
12,test,Static-Graph Huber,99,61.66539001464844,71.10355946348002,136.03837287048793,230,6.0,,,,,,,,,,,,,
12,test,Static-Graph Ridge,90,37.66999816894531,25.37946891784668,47.58115753882387,2301,6.0,,,,,,,,,,,,,
12,test,Static-Graph Ridge,95,44.984493255615234,35.093780517578125,65.20244540443825,1150,6.0,,,,,,,,,,,,,
12,test,Static-Graph Ridge,99,61.66539001464844,70.15473937988281,135.19962815453673,230,6.0,,,,,,,,,,,,,
12,test,Tuned Huber Graph,90,37.66999816894531,26.645075870821085,48.549420096372224,2301,6.0,3.51476783693441,0.15,1.5423034459301615e-06,18.813886918541737,,,,,,,,,
12,test,Tuned Huber Graph,95,44.984493255615234,36.3221348390175,66.15220736759247,1150,6.0,3.51476783693441,0.15,1.5423034459301615e-06,18.813886918541737,,,,,,,,,
12,test,Tuned Huber Graph,99,61.66539001464844,71.16322782302558,136.0703946628891,230,6.0,3.51476783693441,0.15,1.5423034459301615e-06,18.813886918541737,,,,,,,,,
12,test,Tuned Hybrid (Graph + XGB residual),90,37.66999816894531,19.565900975835927,45.31894614786165,2301,6.0,3.51476783693441,0.15,1.5423034459301615e-06,18.813886918541737,5.0,0.036739616569350174,0.6953030224091644,0.6176442554548824,3.6164944319256045,503.0,3.2417815680746402,5.227837758291698,20.79699058671139
12,test,Tuned Hybrid (Graph + XGB residual),95,44.984493255615234,26.257946651846083,62.25362440427287,1150,6.0,3.51476783693441,0.15,1.5423034459301615e-06,18.813886918541737,5.0,0.036739616569350174,0.6953030224091644,0.6176442554548824,3.6164944319256045,503.0,3.2417815680746402,5.227837758291698,20.79699058671139
12,test,Tuned Hybrid (Graph + XGB residual),99,61.66539001464844,55.72118112150561,131.85014081280798,230,6.0,3.51476783693441,0.15,1.5423034459301615e-06,18.813886918541737,5.0,0.036739616569350174,0.6953030224091644,0.6176442554548824,3.6164944319256045,503.0,3.2417815680746402,5.227837758291698,20.79699058671139
12,test,XGB,90,37.66999816894531,19.526952743530273,45.29047956317641,2301,,,,,,,,,,,,,,
12,test,XGB,95,44.984493255615234,27.247474670410156,62.53875946600536,1150,,,,,,,,,,,,,,
12,test,XGB,99,61.66539001464844,59.36719512939453,132.65112990707993,230,,,,,,,,,,,,,,
24,test,Huber,90,37.66999816894531,21.86065857301303,46.4333212931182,2301,,,,,,,,,,,,,,
24,test,Huber,95,44.984493255615234,29.746604592135174,63.32733045041179,1150,,,,,,,,,,,,,,
24,test,Huber,99,61.66539001464844,61.65652574421839,133.3018061171461,230,,,,,,,,,,,,,,
24,test,Huber Graph,90,37.66999816894531,22.781276261236385,47.96060385127065,2301,0.0,,,,,,,,,,,,,
24,test,Huber Graph,95,44.984493255615234,30.47482857111181,63.799870139364124,1150,0.0,,,,,,,,,,,,,
24,test,Huber Graph,99,61.66539001464844,61.91211724952453,133.77800118370544,230,0.0,,,,,,,,,,,,,
24,test,Hybrid (Graph + XGB residual),90,37.66999816894531,20.32090737107266,46.130609781957,2301,0.0,,,,,,,,,,,,,
24,test,Hybrid (Graph + XGB residual),95,44.984493255615234,27.02619208823687,62.43362435599404,1150,0.0,,,,,,,,,,,,,
24,test,Hybrid (Graph + XGB residual),99,61.66539001464844,56.576387007999934,131.91103278351903,230,0.0,,,,,,,,,,,,,
24,test,RF,90,37.66999816894531,19.916074267990115,45.36997804807336,2301,,,,,,,,,,,,,,
24,test,RF,95,44.984493255615234,27.518618593696132,62.56150581950476,1150,,,,,,,,,,,,,,
24,test,RF,99,61.66539001464844,58.651821814024025,132.45432857192895,230,,,,,,,,,,,,,,
24,test,Ridge,90,37.66999816894531,21.607059478759766,45.91246394720201,2301,,,,,,,,,,,,,,
24,test,Ridge,95,44.984493255615234,29.883447647094727,63.13649531780827,1150,,,,,,,,,,,,,,
24,test,Ridge,99,61.66539001464844,62.589752197265625,133.15149384254013,230,,,,,,,,,,,,,,
24,test,Static-Graph Huber,90,37.66999816894531,22.581954997613565,47.851166534204424,2301,3.0,,,,,,,,,,,,,
24,test,Static-Graph Huber,95,44.984493255615234,30.2495206132378,63.69223671530596,1150,3.0,,,,,,,,,,,,,
24,test,Static-Graph Huber,99,61.66539001464844,61.54983258592814,133.68064711340014,230,3.0,,,,,,,,,,,,,
24,test,Static-Graph Ridge,90,37.66999816894531,23.643754959106445,46.933021382537795,2301,3.0,,,,,,,,,,,,,
24,test,Static-Graph Ridge,95,44.984493255615234,32.15892791748047,63.86824779318652,1150,3.0,,,,,,,,,,,,,
24,test,Static-Graph Ridge,99,61.66539001464844,64.75576782226562,133.72500496588137,230,3.0,,,,,,,,,,,,,
24,test,Tuned Huber Graph,90,37.66999816894531,22.7910086598639,47.970985386888266,2301,0.0,5.074947458268184,0.019830653798949095,3.844359984812361e-05,21.220533147261328,,,,,,,,,
24,test,Tuned Huber Graph,95,44.984493255615234,30.48162418336159,63.80852647722715,1150,0.0,5.074947458268184,0.019830653798949095,3.844359984812361e-05,21.220533147261328,,,,,,,,,
24,test,Tuned Huber Graph,99,61.66539001464844,61.91237792741589,133.78847897479594,230,0.0,5.074947458268184,0.019830653798949095,3.844359984812361e-05,21.220533147261328,,,,,,,,,
24,test,Tuned Hybrid (Graph + XGB residual),90,37.66999816894531,19.38660972779542,46.20510151999846,2301,0.0,5.074947458268184,0.019830653798949095,3.844359984812361e-05,21.220533147261328,6.0,0.01,0.6611149065783134,0.9194467670735247,4.408430771851351,401.0,3.106974864500416,4.888923982706725,19.95053387001518
24,test,Tuned Hybrid (Graph + XGB residual),95,44.984493255615234,25.654605465306567,61.99985123604419,1150,0.0,5.074947458268184,0.019830653798949095,3.844359984812361e-05,21.220533147261328,6.0,0.01,0.6611149065783134,0.9194467670735247,4.408430771851351,401.0,3.106974864500416,4.888923982706725,19.95053387001518
24,test,Tuned Hybrid (Graph + XGB residual),99,61.66539001464844,53.782400662139246,131.3695440178833,230,0.0,5.074947458268184,0.019830653798949095,3.844359984812361e-05,21.220533147261328,6.0,0.01,0.6611149065783134,0.9194467670735247,4.408430771851351,401.0,3.106974864500416,4.888923982706725,19.95053387001518
24,test,XGB,90,37.66999816894531,20.032581329345703,45.39789636250368,2301,,,,,,,,,,,,,,
24,test,XGB,95,44.984493255615234,27.62470054626465,62.567639180779786,1150,,,,,,,,,,,,,,
24,test,XGB,99,61.66539001464844,59.444156646728516,132.44256567707,230,,,,,,,,,,,,,,
